SampleID,VariableCount,CoverageType,T,Coverage
10,2238,t,1,0.949
12,2238,t,1,1
24,2238,t,1,1
36,2238,t,1,1
37,2238,t,1,1
60,2238,t,1,0.949
61,2238,t,1,1
62,2238,t,1,0.887
63,2238,t,1,1
64,2238,t,1,1
65,2238,t,1,0.949
66,2238,t,1,1
67,2238,t,1,0.867
68,2238,t,1,1
69,2238,t,1,0.984
70,2238,t,1,0.949
71,2238,t,1,1
72,2238,t,1,1
73,2238,t,1,1
74,2238,t,1,1
75,2238,t,1,0.949
76,2238,t,1,1
77,2238,t,1,1
78,2238,t,1,1
79,2238,t,1,1
300,2238,t,1,0.949
301,2238,t,1,1
303,2238,t,1,1
305,2238,t,1,0.949
306,2238,t,1,1
308,2238,t,1,1
310,2238,t,1,0.949
311,2238,t,1,1
312,2238,t,1,1
313,2238,t,1,1
314,2238,t,1,1
315,2238,t,1,0.949
316,2238,t,1,1
317,2238,t,1,1
318,2238,t,1,1
319,2238,t,1,1
540,2238,t,1,0.949
541,2238,t,1,1
542,2238,t,1,1
543,2238,t,1,1
544,2238,t,1,1
545,2238,t,1,0.949
546,2238,t,1,1
547,2238,t,1,1
548,2238,t,1,1
549,2238,t,1,1
550,2238,t,1,0.949
551,2238,t,1,1
552,2238,t,1,1
553,2238,t,1,1
554,2238,t,1,1
645,2238,t,1,0.949
646,2238,t,1,1
647,2238,t,1,1
648,2238,t,1,1
649,2238,t,1,1
650,2238,t,1,0.949
651,2238,t,1,1
652,2238,t,1,1
653,2238,t,1,1
654,2238,t,1,1
655,2238,t,1,0.949
656,2238,t,1,1
657,2238,t,1,1
658,2238,t,1,1
659,2238,t,1,1
10,2238,f,1,1
12,2238,f,1,1
24,2238,f,1,1
36,2238,f,1,1
37,2238,f,1,1
60,2238,f,1,1
61,2238,f,1,1
62,2238,f,1,0.885
63,2238,f,1,1
64,2238,f,1,1
65,2238,f,1,1
66,2238,f,1,1
67,2238,f,1,0.865
68,2238,f,1,1
69,2238,f,1,0.984
70,2238,f,1,1
71,2238,f,1,1
72,2238,f,1,1
73,2238,f,1,1
74,2238,f,1,1
75,2238,f,1,1
76,2238,f,1,1
77,2238,f,1,1
78,2238,f,1,1
79,2238,f,1,1
300,2238,f,1,1
301,2238,f,1,1
303,2238,f,1,1
305,2238,f,1,1
306,2238,f,1,1
308,2238,f,1,1
310,2238,f,1,1
311,2238,f,1,1
312,2238,f,1,1
313,2238,f,1,1
314,2238,f,1,1
315,2238,f,1,1
316,2238,f,1,1
317,2238,f,1,1
318,2238,f,1,1
319,2238,f,1,1
540,2238,f,1,1
541,2238,f,1,1
542,2238,f,1,1
543,2238,f,1,1
544,2238,f,1,1
545,2238,f,1,1
546,2238,f,1,1
547,2238,f,1,1
548,2238,f,1,1
549,2238,f,1,1
550,2238,f,1,1
551,2238,f,1,1
552,2238,f,1,1
553,2238,f,1,1
554,2238,f,1,1
645,2238,f,1,1
646,2238,f,1,1
647,2238,f,1,1
648,2238,f,1,1
649,2238,f,1,1
650,2238,f,1,1
651,2238,f,1,1
652,2238,f,1,1
653,2238,f,1,1
654,2238,f,1,1
655,2238,f,1,1
656,2238,f,1,1
657,2238,f,1,1
658,2238,f,1,1
659,2238,f,1,1
10,2238,t,2,0.812
12,2238,t,2,0.501
24,2238,t,2,1
36,2238,t,2,0.934
37,2238,t,2,1
60,2238,t,2,0.773
61,2238,t,2,0.501
62,2238,t,2,0.588
63,2238,t,2,0.525
64,2238,t,2,0.869
65,2238,t,2,0.774
66,2238,t,2,0.501
67,2238,t,2,0.569
68,2238,t,2,0.547
69,2238,t,2,0.789
70,2238,t,2,0.774
71,2238,t,2,0.501
72,2238,t,2,0.927
73,2238,t,2,0.514
74,2238,t,2,0.925
75,2238,t,2,0.773
76,2238,t,2,0.501
77,2238,t,2,0.908
78,2238,t,2,0.626
79,2238,t,2,0.913
300,2238,t,2,0.812
301,2238,t,2,0.501
303,2238,t,2,0.934
305,2238,t,2,0.812
306,2238,t,2,0.501
308,2238,t,2,0.934
310,2238,t,2,0.812
311,2238,t,2,0.501
312,2238,t,2,1
313,2238,t,2,0.934
314,2238,t,2,1
315,2238,t,2,0.812
316,2238,t,2,0.501
317,2238,t,2,1
318,2238,t,2,0.934
319,2238,t,2,1
540,2238,t,2,0.774
541,2238,t,2,0.501
542,2238,t,2,0.98
543,2238,t,2,0.506
544,2238,t,2,0.962
545,2238,t,2,0.778
546,2238,t,2,0.501
547,2238,t,2,0.977
548,2238,t,2,0.555
549,2238,t,2,0.963
550,2238,t,2,0.778
551,2238,t,2,0.501
552,2238,t,2,0.968
553,2238,t,2,0.583
554,2238,t,2,0.977
645,2238,t,2,0.812
646,2238,t,2,0.501
647,2238,t,2,1
648,2238,t,2,0.934
649,2238,t,2,1
650,2238,t,2,0.812
651,2238,t,2,0.501
652,2238,t,2,1
653,2238,t,2,0.934
654,2238,t,2,1
655,2238,t,2,0.812
656,2238,t,2,0.501
657,2238,t,2,1
658,2238,t,2,0.934
659,2238,t,2,1
10,2238,f,2,1
12,2238,f,2,0.466
24,2238,f,2,0.997
36,2238,f,2,1
37,2238,f,2,1
60,2238,f,2,0.951
61,2238,f,2,0.466
62,2238,f,2,0.585
63,2238,f,2,0.495
64,2238,f,2,0.877
65,2238,f,2,0.953
66,2238,f,2,0.466
67,2238,f,2,0.573
68,2238,f,2,0.523
69,2238,f,2,0.791
70,2238,f,2,0.953
71,2238,f,2,0.466
72,2238,f,2,0.924
73,2238,f,2,0.481
74,2238,f,2,0.933
75,2238,f,2,0.951
76,2238,f,2,0.466
77,2238,f,2,0.906
78,2238,f,2,0.62
79,2238,f,2,0.913
300,2238,f,2,1
301,2238,f,2,0.466
303,2238,f,2,1
305,2238,f,2,1
306,2238,f,2,0.466
308,2238,f,2,1
310,2238,f,2,1
311,2238,f,2,0.466
312,2238,f,2,0.997
313,2238,f,2,1
314,2238,f,2,1
315,2238,f,2,1
316,2238,f,2,0.466
317,2238,f,2,0.997
318,2238,f,2,1
319,2238,f,2,1
540,2238,f,2,0.953
541,2238,f,2,0.466
542,2238,f,2,0.977
543,2238,f,2,0.472
544,2238,f,2,0.973
545,2238,f,2,0.958
546,2238,f,2,0.466
547,2238,f,2,0.974
548,2238,f,2,0.532
549,2238,f,2,0.973
550,2238,f,2,0.957
551,2238,f,2,0.466
552,2238,f,2,0.965
553,2238,f,2,0.568
554,2238,f,2,0.981
645,2238,f,2,1
646,2238,f,2,0.466
647,2238,f,2,0.997
648,2238,f,2,1
649,2238,f,2,1
650,2238,f,2,1
651,2238,f,2,0.466
652,2238,f,2,0.997
653,2238,f,2,1
654,2238,f,2,1
655,2238,f,2,1
656,2238,f,2,0.466
657,2238,f,2,0.997
658,2238,f,2,1
659,2238,f,2,1
11,1920,t,1,0.613
13,1920,t,1,1
25,1920,t,1,1
38,1920,t,1,1
39,1920,t,1,1
80,1920,t,1,0.613
81,1920,t,1,1
82,1920,t,1,0.945
83,1920,t,1,0.999
84,1920,t,1,0.948
85,1920,t,1,0.613
86,1920,t,1,1
87,1920,t,1,0.942
88,1920,t,1,1
89,1920,t,1,0.948
90,1920,t,1,0.613
91,1920,t,1,1
92,1920,t,1,1
93,1920,t,1,1
94,1920,t,1,1
95,1920,t,1,0.613
96,1920,t,1,1
97,1920,t,1,1
98,1920,t,1,1
99,1920,t,1,1
330,1920,t,1,0.613
332,1920,t,1,1
333,1920,t,1,1
334,1920,t,1,1
335,1920,t,1,0.613
337,1920,t,1,1
338,1920,t,1,1
339,1920,t,1,1
555,1920,t,1,0.613
556,1920,t,1,1
557,1920,t,1,1
558,1920,t,1,1
559,1920,t,1,1
560,1920,t,1,0.613
561,1920,t,1,1
562,1920,t,1,1
563,1920,t,1,1
564,1920,t,1,1
565,1920,t,1,0.613
566,1920,t,1,1
567,1920,t,1,1
568,1920,t,1,1
569,1920,t,1,1
660,1920,t,1,0.613
662,1920,t,1,1
663,1920,t,1,1
664,1920,t,1,1
665,1920,t,1,0.613
667,1920,t,1,1
668,1920,t,1,1
669,1920,t,1,1
670,1920,t,1,0.613
672,1920,t,1,1
673,1920,t,1,1
674,1920,t,1,1
11,1920,f,1,1
13,1920,f,1,1
25,1920,f,1,1
38,1920,f,1,1
39,1920,f,1,1
80,1920,f,1,1
81,1920,f,1,1
82,1920,f,1,0.924
83,1920,f,1,0.998
84,1920,f,1,0.952
85,1920,f,1,1
86,1920,f,1,1
87,1920,f,1,0.924
88,1920,f,1,1
89,1920,f,1,0.952
90,1920,f,1,1
91,1920,f,1,1
92,1920,f,1,1
93,1920,f,1,1
94,1920,f,1,1
95,1920,f,1,1
96,1920,f,1,1
97,1920,f,1,1
98,1920,f,1,1
99,1920,f,1,1
330,1920,f,1,1
332,1920,f,1,1
333,1920,f,1,1
334,1920,f,1,1
335,1920,f,1,1
337,1920,f,1,1
338,1920,f,1,1
339,1920,f,1,1
555,1920,f,1,1
556,1920,f,1,1
557,1920,f,1,1
558,1920,f,1,1
559,1920,f,1,1
560,1920,f,1,1
561,1920,f,1,1
562,1920,f,1,1
563,1920,f,1,1
564,1920,f,1,1
565,1920,f,1,1
566,1920,f,1,1
567,1920,f,1,1
568,1920,f,1,1
569,1920,f,1,1
660,1920,f,1,1
662,1920,f,1,1
663,1920,f,1,1
664,1920,f,1,1
665,1920,f,1,1
667,1920,f,1,1
668,1920,f,1,1
669,1920,f,1,1
670,1920,f,1,1
672,1920,f,1,1
673,1920,f,1,1
674,1920,f,1,1
11,1920,t,2,0.373
13,1920,t,2,0.64
25,1920,t,2,1
38,1920,t,2,0.726
39,1920,t,2,1
80,1920,t,2,0.372
81,1920,t,2,0.64
82,1920,t,2,0.619
83,1920,t,2,0.64
84,1920,t,2,0.51
85,1920,t,2,0.372
86,1920,t,2,0.64
87,1920,t,2,0.618
88,1920,t,2,0.64
89,1920,t,2,0.51
90,1920,t,2,0.372
91,1920,t,2,0.64
92,1920,t,2,0.913
93,1920,t,2,0.659
94,1920,t,2,0.813
95,1920,t,2,0.372
96,1920,t,2,0.64
97,1920,t,2,0.867
98,1920,t,2,0.659
99,1920,t,2,0.791
330,1920,t,2,0.373
332,1920,t,2,1
333,1920,t,2,0.726
334,1920,t,2,1
335,1920,t,2,0.373
337,1920,t,2,1
338,1920,t,2,0.726
339,1920,t,2,1
555,1920,t,2,0.372
556,1920,t,2,0.64
557,1920,t,2,0.979
558,1920,t,2,0.647
559,1920,t,2,0.926
560,1920,t,2,0.372
561,1920,t,2,0.64
562,1920,t,2,0.975
563,1920,t,2,0.646
564,1920,t,2,0.949
565,1920,t,2,0.372
566,1920,t,2,0.64
567,1920,t,2,0.971
568,1920,t,2,0.659
569,1920,t,2,0.947
660,1920,t,2,0.373
662,1920,t,2,1
663,1920,t,2,0.726
664,1920,t,2,1
665,1920,t,2,0.373
667,1920,t,2,1
668,1920,t,2,0.726
669,1920,t,2,1
670,1920,t,2,0.373
672,1920,t,2,1
673,1920,t,2,0.726
674,1920,t,2,1
11,1920,f,2,1
13,1920,f,2,0.767
25,1920,f,2,0.999
38,1920,f,2,1
39,1920,f,2,1
80,1920,f,2,0.999
81,1920,f,2,0.767
82,1920,f,2,0.688
83,1920,f,2,0.771
84,1920,f,2,0.709
85,1920,f,2,0.999
86,1920,f,2,0.767
87,1920,f,2,0.69
88,1920,f,2,0.767
89,1920,f,2,0.709
90,1920,f,2,0.999
91,1920,f,2,0.767
92,1920,f,2,0.95
93,1920,f,2,0.82
94,1920,f,2,0.926
95,1920,f,2,0.999
96,1920,f,2,0.767
97,1920,f,2,0.925
98,1920,f,2,0.819
99,1920,f,2,0.868
330,1920,f,2,1
332,1920,f,2,0.999
333,1920,f,2,1
334,1920,f,2,1
335,1920,f,2,1
337,1920,f,2,0.999
338,1920,f,2,1
339,1920,f,2,1
555,1920,f,2,0.999
556,1920,f,2,0.767
557,1920,f,2,0.983
558,1920,f,2,0.789
559,1920,f,2,0.969
560,1920,f,2,0.999
561,1920,f,2,0.767
562,1920,f,2,0.981
563,1920,f,2,0.786
564,1920,f,2,0.983
565,1920,f,2,0.999
566,1920,f,2,0.767
567,1920,f,2,0.974
568,1920,f,2,0.823
569,1920,f,2,0.98
660,1920,f,2,1
662,1920,f,2,0.999
663,1920,f,2,1
664,1920,f,2,1
665,1920,f,2,1
667,1920,f,2,0.999
668,1920,f,2,1
669,1920,f,2,1
670,1920,f,2,1
672,1920,f,2,0.999
673,1920,f,2,1
674,1920,f,2,1
1,396,t,1,0.666
14,334,t,1,1
26,334,t,1,1
40,396,t,1,1
41,396,t,1,1
100,396,t,1,0.666
101,334,t,1,1
102,334,t,1,0.967
103,396,t,1,1
104,396,t,1,1
105,396,t,1,0.651
106,334,t,1,1
107,334,t,1,0.986
108,396,t,1,1
109,396,t,1,0.984
110,396,t,1,0.666
111,334,t,1,1
112,334,t,1,1
113,396,t,1,1
114,396,t,1,1
115,396,t,1,0.666
116,334,t,1,1
117,334,t,1,1
118,396,t,1,1
119,396,t,1,1
340,396,t,1,0.666
341,334,t,1,1
342,334,t,1,1
343,396,t,1,1
344,396,t,1,1
345,396,t,1,0.666
346,334,t,1,1
347,334,t,1,1
348,396,t,1,1
349,396,t,1,1
350,396,t,1,0.666
351,334,t,1,1
352,334,t,1,1
353,396,t,1,1
354,396,t,1,1
355,396,t,1,0.666
356,334,t,1,1
357,334,t,1,1
358,396,t,1,1
359,396,t,1,1
570,396,t,1,0.666
571,334,t,1,1
572,334,t,1,1
573,396,t,1,1
574,396,t,1,1
575,396,t,1,0.666
576,334,t,1,1
577,334,t,1,1
578,396,t,1,1
579,396,t,1,1
580,396,t,1,0.666
581,334,t,1,1
582,334,t,1,1
583,396,t,1,1
584,396,t,1,1
675,396,t,1,0.666
676,334,t,1,1
677,334,t,1,1
678,396,t,1,1
679,396,t,1,1
680,396,t,1,0.666
681,334,t,1,1
682,334,t,1,1
683,396,t,1,1
684,396,t,1,1
685,396,t,1,0.666
686,334,t,1,1
687,334,t,1,1
688,396,t,1,1
689,396,t,1,1
1,396,f,1,1
14,334,f,1,0.891
26,334,f,1,0.891
40,396,f,1,1
41,396,f,1,1
100,396,f,1,1
101,334,f,1,0.891
102,334,f,1,0.868
103,396,f,1,1
104,396,f,1,1
105,396,f,1,0.955
106,334,f,1,0.891
107,334,f,1,0.882
108,396,f,1,0.996
109,396,f,1,0.96
110,396,f,1,1
111,334,f,1,0.891
112,334,f,1,0.891
113,396,f,1,1
114,396,f,1,1
115,396,f,1,1
116,334,f,1,0.891
117,334,f,1,0.891
118,396,f,1,1
119,396,f,1,1
340,396,f,1,1
341,334,f,1,0.891
342,334,f,1,0.891
343,396,f,1,1
344,396,f,1,1
345,396,f,1,1
346,334,f,1,0.891
347,334,f,1,0.891
348,396,f,1,1
349,396,f,1,1
350,396,f,1,1
351,334,f,1,0.891
352,334,f,1,0.891
353,396,f,1,1
354,396,f,1,1
355,396,f,1,1
356,334,f,1,0.891
357,334,f,1,0.891
358,396,f,1,1
359,396,f,1,1
570,396,f,1,1
571,334,f,1,0.891
572,334,f,1,0.891
573,396,f,1,1
574,396,f,1,1
575,396,f,1,1
576,334,f,1,0.891
577,334,f,1,0.891
578,396,f,1,1
579,396,f,1,1
580,396,f,1,1
581,334,f,1,0.891
582,334,f,1,0.891
583,396,f,1,1
584,396,f,1,1
675,396,f,1,1
676,334,f,1,0.891
677,334,f,1,0.891
678,396,f,1,1
679,396,f,1,1
680,396,f,1,1
681,334,f,1,0.891
682,334,f,1,0.891
683,396,f,1,1
684,396,f,1,1
685,396,f,1,1
686,334,f,1,0.891
687,334,f,1,0.891
688,396,f,1,1
689,396,f,1,1
1,396,t,2,0.442
14,334,t,2,0.724
26,334,t,2,1
40,396,t,2,0.778
41,396,t,2,1
100,396,t,2,0.429
101,334,t,2,0.724
102,334,t,2,0.737
103,396,t,2,0.764
104,396,t,2,0.891
105,396,t,2,0.404
106,334,t,2,0.724
107,334,t,2,0.751
108,396,t,2,0.765
109,396,t,2,0.767
110,396,t,2,0.43
111,334,t,2,0.724
112,334,t,2,0.871
113,396,t,2,0.765
114,396,t,2,0.882
115,396,t,2,0.43
116,334,t,2,0.724
117,334,t,2,0.861
118,396,t,2,0.765
119,396,t,2,0.883
340,396,t,2,0.442
341,334,t,2,0.724
342,334,t,2,1
343,396,t,2,0.778
344,396,t,2,1
345,396,t,2,0.442
346,334,t,2,0.724
347,334,t,2,1
348,396,t,2,0.778
349,396,t,2,1
350,396,t,2,0.442
351,334,t,2,0.724
352,334,t,2,1
353,396,t,2,0.778
354,396,t,2,1
355,396,t,2,0.442
356,334,t,2,0.724
357,334,t,2,1
358,396,t,2,0.778
359,396,t,2,1
570,396,t,2,0.437
571,334,t,2,0.724
572,334,t,2,0.941
573,396,t,2,0.776
574,396,t,2,0.926
575,396,t,2,0.436
576,334,t,2,0.724
577,334,t,2,0.965
578,396,t,2,0.772
579,396,t,2,0.964
580,396,t,2,0.438
581,334,t,2,0.724
582,334,t,2,0.916
583,396,t,2,0.773
584,396,t,2,0.953
675,396,t,2,0.442
676,334,t,2,0.724
677,334,t,2,1
678,396,t,2,0.778
679,396,t,2,1
680,396,t,2,0.442
681,334,t,2,0.724
682,334,t,2,1
683,396,t,2,0.778
684,396,t,2,1
685,396,t,2,0.442
686,334,t,2,0.724
687,334,t,2,1
688,396,t,2,0.778
689,396,t,2,1
1,396,f,2,1
14,334,f,2,0.744
26,334,f,2,0.821
40,396,f,2,1
41,396,f,2,1
100,396,f,2,0.97
101,334,f,2,0.744
102,334,f,2,0.657
103,396,f,2,0.966
104,396,f,2,0.976
105,396,f,2,0.886
106,334,f,2,0.744
107,334,f,2,0.67
108,396,f,2,0.964
109,396,f,2,0.88
110,396,f,2,0.971
111,334,f,2,0.744
112,334,f,2,0.741
113,396,f,2,0.967
114,396,f,2,0.971
115,396,f,2,0.971
116,334,f,2,0.744
117,334,f,2,0.733
118,396,f,2,0.97
119,396,f,2,0.971
340,396,f,2,1
341,334,f,2,0.744
342,334,f,2,0.821
343,396,f,2,1
344,396,f,2,1
345,396,f,2,1
346,334,f,2,0.744
347,334,f,2,0.821
348,396,f,2,1
349,396,f,2,1
350,396,f,2,1
351,334,f,2,0.744
352,334,f,2,0.821
353,396,f,2,1
354,396,f,2,1
355,396,f,2,1
356,334,f,2,0.744
357,334,f,2,0.821
358,396,f,2,1
359,396,f,2,1
570,396,f,2,0.988
571,334,f,2,0.744
572,334,f,2,0.786
573,396,f,2,0.987
574,396,f,2,0.991
575,396,f,2,0.985
576,334,f,2,0.744
577,334,f,2,0.798
578,396,f,2,0.984
579,396,f,2,0.993
580,396,f,2,0.988
581,334,f,2,0.744
582,334,f,2,0.767
583,396,f,2,0.983
584,396,f,2,0.99
675,396,f,2,1
676,334,f,2,0.744
677,334,f,2,0.821
678,396,f,2,1
679,396,f,2,1
680,396,f,2,1
681,334,f,2,0.744
682,334,f,2,0.821
683,396,f,2,1
684,396,f,2,1
685,396,f,2,1
686,334,f,2,0.744
687,334,f,2,0.821
688,396,f,2,1
689,396,f,2,1
2,358,t,1,0.938
15,272,t,1,1
27,272,t,1,1
42,358,t,1,1
43,358,t,1,1
120,358,t,1,0.938
121,272,t,1,1
122,272,t,1,1
123,358,t,1,1
124,358,t,1,1
125,358,t,1,0.938
126,272,t,1,1
127,272,t,1,0.846
128,358,t,1,1
129,358,t,1,1
130,358,t,1,0.938
131,272,t,1,1
132,272,t,1,1
133,358,t,1,1
134,358,t,1,1
135,358,t,1,0.938
136,272,t,1,1
137,272,t,1,1
138,358,t,1,1
139,358,t,1,1
360,358,t,1,0.938
361,272,t,1,1
362,272,t,1,1
363,358,t,1,1
364,358,t,1,1
365,358,t,1,0.938
366,272,t,1,1
367,272,t,1,1
368,358,t,1,1
369,358,t,1,1
370,358,t,1,0.938
371,272,t,1,1
372,272,t,1,1
373,358,t,1,1
374,358,t,1,1
375,358,t,1,0.938
376,272,t,1,1
377,272,t,1,1
378,358,t,1,1
379,358,t,1,1
585,358,t,1,0.938
586,272,t,1,1
587,272,t,1,1
588,358,t,1,1
589,358,t,1,1
590,358,t,1,0.938
591,272,t,1,1
592,272,t,1,1
593,358,t,1,1
594,358,t,1,1
595,358,t,1,0.938
596,272,t,1,1
597,272,t,1,1
598,358,t,1,1
599,358,t,1,1
690,358,t,1,0.938
691,272,t,1,1
692,272,t,1,1
693,358,t,1,1
694,358,t,1,1
695,358,t,1,0.938
696,272,t,1,1
697,272,t,1,1
698,358,t,1,1
699,358,t,1,1
700,358,t,1,0.938
701,272,t,1,1
702,272,t,1,1
703,358,t,1,1
704,358,t,1,1
2,358,f,1,1
15,272,f,1,0.876
27,272,f,1,0.876
42,358,f,1,1
43,358,f,1,1
120,358,f,1,1
121,272,f,1,0.876
122,272,f,1,0.876
123,358,f,1,1
124,358,f,1,1
125,358,f,1,1
126,272,f,1,0.876
127,272,f,1,0.754
128,358,f,1,1
129,358,f,1,1
130,358,f,1,1
131,272,f,1,0.876
132,272,f,1,0.876
133,358,f,1,1
134,358,f,1,1
135,358,f,1,1
136,272,f,1,0.876
137,272,f,1,0.876
138,358,f,1,1
139,358,f,1,1
360,358,f,1,1
361,272,f,1,0.876
362,272,f,1,0.876
363,358,f,1,1
364,358,f,1,1
365,358,f,1,1
366,272,f,1,0.876
367,272,f,1,0.876
368,358,f,1,1
369,358,f,1,1
370,358,f,1,1
371,272,f,1,0.876
372,272,f,1,0.876
373,358,f,1,1
374,358,f,1,1
375,358,f,1,1
376,272,f,1,0.876
377,272,f,1,0.876
378,358,f,1,1
379,358,f,1,1
585,358,f,1,1
586,272,f,1,0.876
587,272,f,1,0.876
588,358,f,1,1
589,358,f,1,1
590,358,f,1,1
591,272,f,1,0.876
592,272,f,1,0.876
593,358,f,1,1
594,358,f,1,1
595,358,f,1,1
596,272,f,1,0.876
597,272,f,1,0.876
598,358,f,1,1
599,358,f,1,1
690,358,f,1,1
691,272,f,1,0.876
692,272,f,1,0.876
693,358,f,1,1
694,358,f,1,1
695,358,f,1,1
696,272,f,1,0.876
697,272,f,1,0.876
698,358,f,1,1
699,358,f,1,1
700,358,f,1,1
701,272,f,1,0.876
702,272,f,1,0.876
703,358,f,1,1
704,358,f,1,1
2,358,t,2,0.874
15,272,t,2,0.909
27,272,t,2,1
42,358,t,2,0.99
43,358,t,2,1
120,358,t,2,0.811
121,272,t,2,0.909
122,272,t,2,0.903
123,358,t,2,0.89
124,358,t,2,0.918
125,358,t,2,0.804
126,272,t,2,0.909
127,272,t,2,0.634
128,358,t,2,0.881
129,358,t,2,0.89
130,358,t,2,0.804
131,272,t,2,0.909
132,272,t,2,0.902
133,358,t,2,0.883
134,358,t,2,0.891
135,358,t,2,0.807
136,272,t,2,0.909
137,272,t,2,0.915
138,358,t,2,0.903
139,358,t,2,0.918
360,358,t,2,0.874
361,272,t,2,0.909
362,272,t,2,1
363,358,t,2,0.989
364,358,t,2,0.995
365,358,t,2,0.874
366,272,t,2,0.909
367,272,t,2,1
368,358,t,2,0.989
369,358,t,2,0.994
370,358,t,2,0.874
371,272,t,2,0.909
372,272,t,2,1
373,358,t,2,0.99
374,358,t,2,1
375,358,t,2,0.874
376,272,t,2,0.909
377,272,t,2,1
378,358,t,2,0.99
379,358,t,2,1
585,358,t,2,0.813
586,272,t,2,0.909
587,272,t,2,0.912
588,358,t,2,0.902
589,358,t,2,0.905
590,358,t,2,0.815
591,272,t,2,0.909
592,272,t,2,0.913
593,358,t,2,0.906
594,358,t,2,0.902
595,358,t,2,0.812
596,272,t,2,0.909
597,272,t,2,0.916
598,358,t,2,0.906
599,358,t,2,0.899
690,358,t,2,0.874
691,272,t,2,0.909
692,272,t,2,1
693,358,t,2,0.99
694,358,t,2,1
695,358,t,2,0.874
696,272,t,2,0.909
697,272,t,2,1
698,358,t,2,0.99
699,358,t,2,1
700,358,t,2,0.874
701,272,t,2,0.909
702,272,t,2,1
703,358,t,2,0.99
704,358,t,2,1
2,358,f,2,1
15,272,f,2,0.736
27,272,f,2,0.788
42,358,f,2,1
43,358,f,2,1
120,358,f,2,0.911
121,272,f,2,0.736
122,272,f,2,0.734
123,358,f,2,0.908
124,358,f,2,0.905
125,358,f,2,0.904
126,272,f,2,0.736
127,272,f,2,0.55
128,358,f,2,0.905
129,358,f,2,0.904
130,358,f,2,0.904
131,272,f,2,0.736
132,272,f,2,0.735
133,358,f,2,0.904
134,358,f,2,0.904
135,358,f,2,0.908
136,272,f,2,0.736
137,272,f,2,0.739
138,358,f,2,0.91
139,358,f,2,0.903
360,358,f,2,0.999
361,272,f,2,0.736
362,272,f,2,0.788
363,358,f,2,0.999
364,358,f,2,0.999
365,358,f,2,0.999
366,272,f,2,0.736
367,272,f,2,0.788
368,358,f,2,0.999
369,358,f,2,0.999
370,358,f,2,1
371,272,f,2,0.736
372,272,f,2,0.788
373,358,f,2,1
374,358,f,2,1
375,358,f,2,1
376,272,f,2,0.736
377,272,f,2,0.788
378,358,f,2,1
379,358,f,2,1
585,358,f,2,0.913
586,272,f,2,0.736
587,272,f,2,0.738
588,358,f,2,0.916
589,358,f,2,0.914
590,358,f,2,0.914
591,272,f,2,0.736
592,272,f,2,0.74
593,358,f,2,0.916
594,358,f,2,0.915
595,358,f,2,0.912
596,272,f,2,0.736
597,272,f,2,0.741
598,358,f,2,0.916
599,358,f,2,0.914
690,358,f,2,1
691,272,f,2,0.736
692,272,f,2,0.788
693,358,f,2,1
694,358,f,2,1
695,358,f,2,1
696,272,f,2,0.736
697,272,f,2,0.788
698,358,f,2,1
699,358,f,2,1
700,358,f,2,1
701,272,f,2,0.736
702,272,f,2,0.788
703,358,f,2,1
704,358,f,2,1
3,528,t,1,0.999
16,457,t,1,1
28,457,t,1,1
44,528,t,1,1
45,528,t,1,1
140,528,t,1,0.999
141,457,t,1,1
142,457,t,1,0.958
143,528,t,1,1
144,528,t,1,1
145,528,t,1,0.999
146,457,t,1,1
147,457,t,1,0.959
148,528,t,1,0.999
149,528,t,1,1
150,528,t,1,0.999
151,457,t,1,1
152,457,t,1,1
153,528,t,1,1
154,528,t,1,1
155,528,t,1,0.999
156,457,t,1,1
157,457,t,1,1
158,528,t,1,1
159,528,t,1,1
380,528,t,1,0.999
381,457,t,1,1
382,457,t,1,1
383,528,t,1,1
384,528,t,1,1
385,528,t,1,0.999
386,457,t,1,1
387,457,t,1,1
388,528,t,1,1
389,528,t,1,1
390,528,t,1,0.999
391,457,t,1,1
392,457,t,1,1
393,528,t,1,1
394,528,t,1,1
395,528,t,1,0.999
396,457,t,1,1
397,457,t,1,1
398,528,t,1,1
399,528,t,1,1
600,528,t,1,0.999
601,457,t,1,1
602,457,t,1,1
603,528,t,1,1
604,528,t,1,1
605,528,t,1,0.999
606,457,t,1,1
607,457,t,1,1
608,528,t,1,1
609,528,t,1,1
610,528,t,1,0.999
611,457,t,1,1
612,457,t,1,1
613,528,t,1,1
614,528,t,1,1
705,528,t,1,0.999
706,457,t,1,1
707,457,t,1,1
708,528,t,1,1
709,528,t,1,1
710,528,t,1,0.999
711,457,t,1,1
712,457,t,1,1
713,528,t,1,1
714,528,t,1,1
715,528,t,1,0.999
716,457,t,1,1
717,457,t,1,1
718,528,t,1,1
719,528,t,1,1
3,528,f,1,1
16,457,f,1,0.849
28,457,f,1,0.849
44,528,f,1,1
45,528,f,1,1
140,528,f,1,1
141,457,f,1,0.849
142,457,f,1,0.816
143,528,f,1,1
144,528,f,1,1
145,528,f,1,0.999
146,457,f,1,0.849
147,457,f,1,0.817
148,528,f,1,0.998
149,528,f,1,1
150,528,f,1,1
151,457,f,1,0.849
152,457,f,1,0.849
153,528,f,1,1
154,528,f,1,1
155,528,f,1,1
156,457,f,1,0.849
157,457,f,1,0.849
158,528,f,1,1
159,528,f,1,1
380,528,f,1,1
381,457,f,1,0.849
382,457,f,1,0.849
383,528,f,1,1
384,528,f,1,1
385,528,f,1,1
386,457,f,1,0.849
387,457,f,1,0.849
388,528,f,1,1
389,528,f,1,1
390,528,f,1,1
391,457,f,1,0.849
392,457,f,1,0.849
393,528,f,1,1
394,528,f,1,1
395,528,f,1,1
396,457,f,1,0.849
397,457,f,1,0.849
398,528,f,1,1
399,528,f,1,1
600,528,f,1,1
601,457,f,1,0.849
602,457,f,1,0.849
603,528,f,1,1
604,528,f,1,1
605,528,f,1,1
606,457,f,1,0.849
607,457,f,1,0.849
608,528,f,1,1
609,528,f,1,1
610,528,f,1,1
611,457,f,1,0.849
612,457,f,1,0.849
613,528,f,1,1
614,528,f,1,1
705,528,f,1,1
706,457,f,1,0.849
707,457,f,1,0.849
708,528,f,1,1
709,528,f,1,1
710,528,f,1,1
711,457,f,1,0.849
712,457,f,1,0.849
713,528,f,1,1
714,528,f,1,1
715,528,f,1,1
716,457,f,1,0.849
717,457,f,1,0.849
718,528,f,1,1
719,528,f,1,1
3,528,t,2,0.997
16,457,t,2,0.903
28,457,t,2,1
44,528,t,2,1
45,528,t,2,1
140,528,t,2,0.898
141,457,t,2,0.903
142,457,t,2,0.747
143,528,t,2,0.9
144,528,t,2,0.897
145,528,t,2,0.919
146,457,t,2,0.903
147,457,t,2,0.756
148,528,t,2,0.921
149,528,t,2,0.921
150,528,t,2,0.922
151,457,t,2,0.903
152,457,t,2,0.937
153,528,t,2,0.904
154,528,t,2,0.914
155,528,t,2,0.899
156,457,t,2,0.903
157,457,t,2,0.888
158,528,t,2,0.898
159,528,t,2,0.902
380,528,t,2,0.997
381,457,t,2,0.903
382,457,t,2,1
383,528,t,2,0.999
384,528,t,2,1
385,528,t,2,0.997
386,457,t,2,0.903
387,457,t,2,1
388,528,t,2,0.999
389,528,t,2,1
390,528,t,2,0.997
391,457,t,2,0.903
392,457,t,2,1
393,528,t,2,1
394,528,t,2,1
395,528,t,2,0.997
396,457,t,2,0.903
397,457,t,2,1
398,528,t,2,1
399,528,t,2,1
600,528,t,2,0.971
601,457,t,2,0.903
602,457,t,2,0.946
603,528,t,2,0.971
604,528,t,2,0.974
605,528,t,2,0.968
606,457,t,2,0.903
607,457,t,2,0.946
608,528,t,2,0.98
609,528,t,2,0.978
610,528,t,2,0.969
611,457,t,2,0.903
612,457,t,2,0.961
613,528,t,2,0.977
614,528,t,2,0.976
705,528,t,2,0.997
706,457,t,2,0.903
707,457,t,2,1
708,528,t,2,1
709,528,t,2,1
710,528,t,2,0.997
711,457,t,2,0.903
712,457,t,2,1
713,528,t,2,1
714,528,t,2,1
715,528,t,2,0.997
716,457,t,2,0.903
717,457,t,2,1
718,528,t,2,1
719,528,t,2,1
3,528,f,2,1
16,457,f,2,0.712
28,457,f,2,0.774
44,528,f,2,1
45,528,f,2,1
140,528,f,2,0.909
141,457,f,2,0.712
142,457,f,2,0.606
143,528,f,2,0.913
144,528,f,2,0.906
145,528,f,2,0.926
146,457,f,2,0.712
147,457,f,2,0.612
148,528,f,2,0.925
149,528,f,2,0.924
150,528,f,2,0.929
151,457,f,2,0.712
152,457,f,2,0.734
153,528,f,2,0.913
154,528,f,2,0.92
155,528,f,2,0.909
156,457,f,2,0.712
157,457,f,2,0.702
158,528,f,2,0.908
159,528,f,2,0.908
380,528,f,2,0.999
381,457,f,2,0.712
382,457,f,2,0.774
383,528,f,2,0.999
384,528,f,2,0.999
385,528,f,2,0.999
386,457,f,2,0.712
387,457,f,2,0.774
388,528,f,2,0.999
389,528,f,2,0.999
390,528,f,2,1
391,457,f,2,0.712
392,457,f,2,0.774
393,528,f,2,1
394,528,f,2,1
395,528,f,2,1
396,457,f,2,0.712
397,457,f,2,0.774
398,528,f,2,1
399,528,f,2,1
600,528,f,2,0.966
601,457,f,2,0.712
602,457,f,2,0.739
603,528,f,2,0.969
604,528,f,2,0.968
605,528,f,2,0.965
606,457,f,2,0.712
607,457,f,2,0.739
608,528,f,2,0.973
609,528,f,2,0.969
610,528,f,2,0.968
611,457,f,2,0.712
612,457,f,2,0.749
613,528,f,2,0.97
614,528,f,2,0.97
705,528,f,2,1
706,457,f,2,0.712
707,457,f,2,0.774
708,528,f,2,1
709,528,f,2,1
710,528,f,2,1
711,457,f,2,0.712
712,457,f,2,0.774
713,528,f,2,1
714,528,f,2,1
715,528,f,2,1
716,457,f,2,0.712
717,457,f,2,0.774
718,528,f,2,1
719,528,f,2,1
0,291,t,1,0.988
17,258,t,1,1
29,258,t,1,1
46,291,t,1,1
47,291,t,1,1
160,291,t,1,0.988
161,258,t,1,1
162,258,t,1,0.996
163,291,t,1,1
164,291,t,1,1
165,291,t,1,0.988
166,258,t,1,1
167,258,t,1,0.75
168,291,t,1,0.998
169,291,t,1,1
170,291,t,1,0.988
171,258,t,1,1
172,258,t,1,1
173,291,t,1,1
174,291,t,1,1
175,291,t,1,0.988
176,258,t,1,1
177,258,t,1,1
178,291,t,1,1
179,291,t,1,1
400,291,t,1,0.988
401,258,t,1,1
402,258,t,1,1
403,291,t,1,1
404,291,t,1,1
405,291,t,1,0.988
406,258,t,1,1
407,258,t,1,1
408,291,t,1,1
409,291,t,1,1
410,291,t,1,0.988
411,258,t,1,1
412,258,t,1,1
413,291,t,1,1
414,291,t,1,1
415,291,t,1,0.988
416,258,t,1,1
417,258,t,1,1
418,291,t,1,1
419,291,t,1,1
615,291,t,1,0.988
616,258,t,1,1
617,258,t,1,1
618,291,t,1,1
619,291,t,1,1
620,291,t,1,0.988
621,258,t,1,1
622,258,t,1,1
623,291,t,1,1
624,291,t,1,1
625,291,t,1,0.988
626,258,t,1,1
627,258,t,1,1
628,291,t,1,1
629,291,t,1,1
720,291,t,1,0.988
721,258,t,1,1
722,258,t,1,1
723,291,t,1,1
724,291,t,1,1
725,291,t,1,0.988
726,258,t,1,1
727,258,t,1,1
728,291,t,1,1
729,291,t,1,1
730,291,t,1,0.988
731,258,t,1,1
732,258,t,1,1
733,291,t,1,1
734,291,t,1,1
0,291,f,1,1
17,258,f,1,0.927
29,258,f,1,0.927
46,291,f,1,1
47,291,f,1,1
160,291,f,1,1
161,258,f,1,0.927
162,258,f,1,0.924
163,291,f,1,1
164,291,f,1,1
165,291,f,1,0.973
166,258,f,1,0.927
167,258,f,1,0.707
168,291,f,1,0.996
169,291,f,1,0.998
170,291,f,1,1
171,258,f,1,0.927
172,258,f,1,0.927
173,291,f,1,1
174,291,f,1,1
175,291,f,1,1
176,258,f,1,0.927
177,258,f,1,0.927
178,291,f,1,1
179,291,f,1,1
400,291,f,1,1
401,258,f,1,0.927
402,258,f,1,0.927
403,291,f,1,1
404,291,f,1,1
405,291,f,1,1
406,258,f,1,0.927
407,258,f,1,0.927
408,291,f,1,1
409,291,f,1,1
410,291,f,1,1
411,258,f,1,0.927
412,258,f,1,0.927
413,291,f,1,1
414,291,f,1,1
415,291,f,1,1
416,258,f,1,0.927
417,258,f,1,0.927
418,291,f,1,1
419,291,f,1,1
615,291,f,1,1
616,258,f,1,0.927
617,258,f,1,0.927
618,291,f,1,1
619,291,f,1,1
620,291,f,1,1
621,258,f,1,0.927
622,258,f,1,0.927
623,291,f,1,1
624,291,f,1,1
625,291,f,1,1
626,258,f,1,0.927
627,258,f,1,0.927
628,291,f,1,1
629,291,f,1,1
720,291,f,1,1
721,258,f,1,0.927
722,258,f,1,0.927
723,291,f,1,1
724,291,f,1,1
725,291,f,1,1
726,258,f,1,0.927
727,258,f,1,0.927
728,291,f,1,1
729,291,f,1,1
730,291,f,1,1
731,258,f,1,0.927
732,258,f,1,0.927
733,291,f,1,1
734,291,f,1,1
0,291,t,2,0.971
17,258,t,2,0.952
29,258,t,2,1
46,291,t,2,0.996
47,291,t,2,1
160,291,t,2,0.934
161,258,t,2,0.952
162,258,t,2,0.95
163,291,t,2,0.951
164,291,t,2,0.951
165,291,t,2,0.929
166,258,t,2,0.952
167,258,t,2,0.602
168,291,t,2,0.944
169,291,t,2,0.949
170,291,t,2,0.93
171,258,t,2,0.952
172,258,t,2,0.953
173,291,t,2,0.946
174,291,t,2,0.944
175,291,t,2,0.933
176,258,t,2,0.952
177,258,t,2,0.954
178,291,t,2,0.952
179,291,t,2,0.951
400,291,t,2,0.971
401,258,t,2,0.952
402,258,t,2,1
403,291,t,2,0.993
404,291,t,2,0.995
405,291,t,2,0.971
406,258,t,2,0.952
407,258,t,2,1
408,291,t,2,0.992
409,291,t,2,0.994
410,291,t,2,0.971
411,258,t,2,0.952
412,258,t,2,1
413,291,t,2,0.996
414,291,t,2,1
415,291,t,2,0.971
416,258,t,2,0.952
417,258,t,2,1
418,291,t,2,0.996
419,291,t,2,1
615,291,t,2,0.939
616,258,t,2,0.952
617,258,t,2,0.962
618,291,t,2,0.957
619,291,t,2,0.959
620,291,t,2,0.94
621,258,t,2,0.952
622,258,t,2,0.963
623,291,t,2,0.959
624,291,t,2,0.961
625,291,t,2,0.941
626,258,t,2,0.952
627,258,t,2,0.963
628,291,t,2,0.956
629,291,t,2,0.958
720,291,t,2,0.971
721,258,t,2,0.952
722,258,t,2,1
723,291,t,2,0.996
724,291,t,2,1
725,291,t,2,0.971
726,258,t,2,0.952
727,258,t,2,1
728,291,t,2,0.996
729,291,t,2,1
730,291,t,2,0.971
731,258,t,2,0.952
732,258,t,2,1
733,291,t,2,0.996
734,291,t,2,1
0,291,f,2,1
17,258,f,2,0.853
29,258,f,2,0.888
46,291,f,2,1
47,291,f,2,1
160,291,f,2,0.955
161,258,f,2,0.853
162,258,f,2,0.851
163,291,f,2,0.955
164,291,f,2,0.954
165,291,f,2,0.92
166,258,f,2,0.853
167,258,f,2,0.553
168,291,f,2,0.95
169,291,f,2,0.955
170,291,f,2,0.955
171,258,f,2,0.853
172,258,f,2,0.854
173,291,f,2,0.954
174,291,f,2,0.954
175,291,f,2,0.956
176,258,f,2,0.853
177,258,f,2,0.855
178,291,f,2,0.954
179,291,f,2,0.953
400,291,f,2,1
401,258,f,2,0.853
402,258,f,2,0.888
403,291,f,2,1
404,291,f,2,1
405,291,f,2,1
406,258,f,2,0.853
407,258,f,2,0.888
408,291,f,2,1
409,291,f,2,1
410,291,f,2,1
411,258,f,2,0.853
412,258,f,2,0.888
413,291,f,2,1
414,291,f,2,1
415,291,f,2,1
416,258,f,2,0.853
417,258,f,2,0.888
418,291,f,2,1
419,291,f,2,1
615,291,f,2,0.961
616,258,f,2,0.853
617,258,f,2,0.861
618,291,f,2,0.963
619,291,f,2,0.964
620,291,f,2,0.962
621,258,f,2,0.853
622,258,f,2,0.861
623,291,f,2,0.963
624,291,f,2,0.963
625,291,f,2,0.962
626,258,f,2,0.853
627,258,f,2,0.862
628,291,f,2,0.961
629,291,f,2,0.962
720,291,f,2,1
721,258,f,2,0.853
722,258,f,2,0.888
723,291,f,2,1
724,291,f,2,1
725,291,f,2,1
726,258,f,2,0.853
727,258,f,2,0.888
728,291,f,2,1
729,291,f,2,1
730,291,f,2,1
731,258,f,2,0.853
732,258,f,2,0.888
733,291,f,2,1
734,291,f,2,1
4,1182,t,1,0.924
18,1050,t,1,1
30,1050,t,1,1
48,1182,t,1,1
49,1182,t,1,1
180,1182,t,1,0.924
181,1050,t,1,1
182,1050,t,1,0.984
183,1182,t,1,1
184,1182,t,1,1
185,1182,t,1,0.923
186,1050,t,1,1
187,1050,t,1,0.898
188,1182,t,1,1
189,1182,t,1,1
190,1182,t,1,0.924
191,1050,t,1,1
192,1050,t,1,1
193,1182,t,1,1
194,1182,t,1,1
195,1182,t,1,0.924
196,1050,t,1,1
197,1050,t,1,1
198,1182,t,1,1
199,1182,t,1,1
420,1182,t,1,0.924
423,1182,t,1,1
424,1182,t,1,1
425,1182,t,1,0.924
428,1182,t,1,1
429,1182,t,1,1
430,1182,t,1,0.924
433,1182,t,1,1
434,1182,t,1,1
435,1182,t,1,0.924
438,1182,t,1,1
439,1182,t,1,1
630,1182,t,1,0.924
631,1050,t,1,1
632,1050,t,1,1
633,1182,t,1,1
634,1182,t,1,1
635,1182,t,1,0.924
636,1050,t,1,1
637,1050,t,1,1
638,1182,t,1,1
639,1182,t,1,1
640,1182,t,1,0.924
641,1050,t,1,1
642,1050,t,1,1
643,1182,t,1,1
644,1182,t,1,1
735,1182,t,1,0.924
738,1182,t,1,1
739,1182,t,1,1
740,1182,t,1,0.924
743,1182,t,1,1
744,1182,t,1,1
745,1182,t,1,0.924
748,1182,t,1,1
749,1182,t,1,1
4,1182,f,1,1
18,1050,f,1,0.939
30,1050,f,1,0.939
48,1182,f,1,1
49,1182,f,1,1
180,1182,f,1,1
181,1050,f,1,0.939
182,1050,f,1,0.924
183,1182,f,1,1
184,1182,f,1,1
185,1182,f,1,0.996
186,1050,f,1,0.939
187,1050,f,1,0.849
188,1182,f,1,1
189,1182,f,1,0.997
190,1182,f,1,1
191,1050,f,1,0.939
192,1050,f,1,0.939
193,1182,f,1,1
194,1182,f,1,1
195,1182,f,1,1
196,1050,f,1,0.939
197,1050,f,1,0.939
198,1182,f,1,1
199,1182,f,1,1
420,1182,f,1,1
423,1182,f,1,1
424,1182,f,1,1
425,1182,f,1,1
428,1182,f,1,1
429,1182,f,1,1
430,1182,f,1,1
433,1182,f,1,1
434,1182,f,1,1
435,1182,f,1,1
438,1182,f,1,1
439,1182,f,1,1
630,1182,f,1,1
631,1050,f,1,0.939
632,1050,f,1,0.939
633,1182,f,1,1
634,1182,f,1,1
635,1182,f,1,1
636,1050,f,1,0.939
637,1050,f,1,0.939
638,1182,f,1,1
639,1182,f,1,1
640,1182,f,1,1
641,1050,f,1,0.939
642,1050,f,1,0.939
643,1182,f,1,1
644,1182,f,1,1
735,1182,f,1,1
738,1182,f,1,1
739,1182,f,1,1
740,1182,f,1,1
743,1182,f,1,1
744,1182,f,1,1
745,1182,f,1,1
748,1182,f,1,1
749,1182,f,1,1
4,1182,t,2,0.852
18,1050,t,2,0.833
30,1050,t,2,1
48,1182,t,2,0.967
49,1182,t,2,1
180,1182,t,2,0.793
181,1050,t,2,0.833
182,1050,t,2,0.733
183,1182,t,2,0.923
184,1182,t,2,0.909
185,1182,t,2,0.812
186,1050,t,2,0.833
187,1050,t,2,0.598
188,1182,t,2,0.92
189,1182,t,2,0.926
190,1182,t,2,0.809
191,1050,t,2,0.833
192,1050,t,2,0.925
193,1182,t,2,0.92
194,1182,t,2,0.929
195,1182,t,2,0.794
196,1050,t,2,0.833
197,1050,t,2,0.876
198,1182,t,2,0.923
199,1182,t,2,0.907
420,1182,t,2,0.852
423,1182,t,2,0.967
424,1182,t,2,1
425,1182,t,2,0.852
428,1182,t,2,0.967
429,1182,t,2,1
430,1182,t,2,0.852
433,1182,t,2,0.967
434,1182,t,2,1
435,1182,t,2,0.852
438,1182,t,2,0.967
439,1182,t,2,1
630,1182,t,2,0.84
631,1050,t,2,0.833
632,1050,t,2,0.971
633,1182,t,2,0.944
634,1182,t,2,0.983
635,1182,t,2,0.84
636,1050,t,2,0.833
637,1050,t,2,0.969
638,1182,t,2,0.943
639,1182,t,2,0.976
640,1182,t,2,0.838
641,1050,t,2,0.833
642,1050,t,2,0.968
643,1182,t,2,0.941
644,1182,t,2,0.981
735,1182,t,2,0.852
738,1182,t,2,0.967
739,1182,t,2,1
740,1182,t,2,0.852
743,1182,t,2,0.967
744,1182,t,2,1
745,1182,t,2,0.852
748,1182,t,2,0.967
749,1182,t,2,1
4,1182,f,2,1
18,1050,f,2,0.772
30,1050,f,2,0.896
48,1182,f,2,1
49,1182,f,2,1
180,1182,f,2,0.926
181,1050,f,2,0.772
182,1050,f,2,0.682
183,1182,f,2,0.938
184,1182,f,2,0.929
185,1182,f,2,0.94
186,1050,f,2,0.772
187,1050,f,2,0.572
188,1182,f,2,0.937
189,1182,f,2,0.937
190,1182,f,2,0.943
191,1050,f,2,0.772
192,1050,f,2,0.836
193,1182,f,2,0.937
194,1182,f,2,0.941
195,1182,f,2,0.927
196,1050,f,2,0.772
197,1050,f,2,0.797
198,1182,f,2,0.939
199,1182,f,2,0.929
420,1182,f,2,1
423,1182,f,2,1
424,1182,f,2,1
425,1182,f,2,1
428,1182,f,2,1
429,1182,f,2,1
430,1182,f,2,1
433,1182,f,2,1
434,1182,f,2,1
435,1182,f,2,1
438,1182,f,2,1
439,1182,f,2,1
630,1182,f,2,0.981
631,1050,f,2,0.772
632,1050,f,2,0.871
633,1182,f,2,0.966
634,1182,f,2,0.987
635,1182,f,2,0.979
636,1050,f,2,0.772
637,1050,f,2,0.871
638,1182,f,2,0.965
639,1182,f,2,0.988
640,1182,f,2,0.977
641,1050,f,2,0.772
642,1050,f,2,0.871
643,1182,f,2,0.966
644,1182,f,2,0.986
735,1182,f,2,1
738,1182,f,2,1
739,1182,f,2,1
740,1182,f,2,1
743,1182,f,2,1
744,1182,f,2,1
745,1182,f,2,1
748,1182,f,2,1
749,1182,f,2,1
5,4152,t,1,0.366
19,221,t,1,1
31,221,t,1,1
50,4373,t,1,1
51,4373,t,1,1
200,4152,t,1,0.366
201,221,t,1,1
202,221,t,1,0.966
203,4373,t,1,1
204,4373,t,1,1
205,4152,t,1,0.366
206,221,t,1,1
207,221,t,1,0.957
208,4373,t,1,1
209,4373,t,1,1
210,4152,t,1,0.366
211,221,t,1,1
212,221,t,1,1
213,4373,t,1,1
214,4373,t,1,1
215,4152,t,1,0.366
216,221,t,1,1
217,221,t,1,1
218,4373,t,1,1
219,4373,t,1,1
441,221,t,1,1
442,221,t,1,1
446,221,t,1,1
447,221,t,1,1
450,4152,t,1,0.366
451,221,t,1,1
452,221,t,1,1
453,4373,t,1,1
454,4373,t,1,1
455,4152,t,1,0.366
456,221,t,1,1
457,221,t,1,1
458,4373,t,1,1
459,4373,t,1,1
750,4152,t,1,0.366
751,221,t,1,1
752,221,t,1,1
753,4373,t,1,1
754,4373,t,1,1
755,4152,t,1,0.366
756,221,t,1,1
757,221,t,1,1
758,4373,t,1,1
759,4373,t,1,1
760,4152,t,1,0.366
761,221,t,1,1
762,221,t,1,1
763,4373,t,1,1
764,4373,t,1,1
825,4152,t,1,0.366
826,221,t,1,1
827,221,t,1,1
828,4373,t,1,1
829,4373,t,1,1
830,4152,t,1,0.366
831,221,t,1,1
832,221,t,1,1
833,4373,t,1,1
834,4373,t,1,1
835,4152,t,1,0.366
836,221,t,1,1
837,221,t,1,1
838,4373,t,1,1
839,4373,t,1,1
5,4152,f,1,1
19,221,f,1,0.5
31,221,f,1,0.5
50,4373,f,1,1
51,4373,f,1,1
200,4152,f,1,1
201,221,f,1,0.5
202,221,f,1,0.5
203,4373,f,1,1
204,4373,f,1,1
205,4152,f,1,1
206,221,f,1,0.5
207,221,f,1,0.5
208,4373,f,1,1
209,4373,f,1,1
210,4152,f,1,1
211,221,f,1,0.5
212,221,f,1,0.5
213,4373,f,1,1
214,4373,f,1,1
215,4152,f,1,1
216,221,f,1,0.5
217,221,f,1,0.5
218,4373,f,1,1
219,4373,f,1,1
441,221,f,1,0.5
442,221,f,1,0.5
446,221,f,1,0.5
447,221,f,1,0.5
450,4152,f,1,1
451,221,f,1,0.5
452,221,f,1,0.5
453,4373,f,1,1
454,4373,f,1,1
455,4152,f,1,1
456,221,f,1,0.5
457,221,f,1,0.5
458,4373,f,1,1
459,4373,f,1,1
750,4152,f,1,1
751,221,f,1,0.5
752,221,f,1,0.5
753,4373,f,1,1
754,4373,f,1,1
755,4152,f,1,1
756,221,f,1,0.5
757,221,f,1,0.5
758,4373,f,1,1
759,4373,f,1,1
760,4152,f,1,1
761,221,f,1,0.5
762,221,f,1,0.5
763,4373,f,1,1
764,4373,f,1,1
825,4152,f,1,1
826,221,f,1,0.5
827,221,f,1,0.5
828,4373,f,1,1
829,4373,f,1,1
830,4152,f,1,1
831,221,f,1,0.5
832,221,f,1,0.5
833,4373,f,1,1
834,4373,f,1,1
835,4152,f,1,1
836,221,f,1,0.5
837,221,f,1,0.5
838,4373,f,1,1
839,4373,f,1,1
5,4152,t,2,0.132
19,221,t,2,0.91
31,221,t,2,1
50,4373,t,2,0.936
51,4373,t,2,1
200,4152,t,2,0.132
201,221,t,2,0.91
202,221,t,2,0.796
203,4373,t,2,0.936
204,4373,t,2,0.917
205,4152,t,2,0.132
206,221,t,2,0.91
207,221,t,2,0.789
208,4373,t,2,0.936
209,4373,t,2,0.917
210,4152,t,2,0.132
211,221,t,2,0.91
212,221,t,2,0.948
213,4373,t,2,0.936
214,4373,t,2,0.917
215,4152,t,2,0.132
216,221,t,2,0.91
217,221,t,2,0.892
218,4373,t,2,0.936
219,4373,t,2,0.917
441,221,t,2,0.91
442,221,t,2,1
446,221,t,2,0.91
447,221,t,2,1
450,4152,t,2,0.132
451,221,t,2,0.91
452,221,t,2,1
453,4373,t,2,0.936
454,4373,t,2,1
455,4152,t,2,0.132
456,221,t,2,0.91
457,221,t,2,1
458,4373,t,2,0.936
459,4373,t,2,1
750,4152,t,2,0.132
751,221,t,2,0.91
752,221,t,2,0.974
753,4373,t,2,0.936
754,4373,t,2,0.946
755,4152,t,2,0.132
756,221,t,2,0.91
757,221,t,2,0.932
758,4373,t,2,0.936
759,4373,t,2,0.941
760,4152,t,2,0.132
761,221,t,2,0.91
762,221,t,2,0.943
763,4373,t,2,0.936
764,4373,t,2,0.967
825,4152,t,2,0.132
826,221,t,2,0.91
827,221,t,2,1
828,4373,t,2,0.936
829,4373,t,2,1
830,4152,t,2,0.132
831,221,t,2,0.91
832,221,t,2,1
833,4373,t,2,0.936
834,4373,t,2,1
835,4152,t,2,0.132
836,221,t,2,0.91
837,221,t,2,1
838,4373,t,2,0.936
839,4373,t,2,1
5,4152,f,2,1
19,221,f,2,0.32
31,221,f,2,0.32
50,4373,f,2,1
51,4373,f,2,1
200,4152,f,2,0.989
201,221,f,2,0.32
202,221,f,2,0.32
203,4373,f,2,0.988
204,4373,f,2,0.988
205,4152,f,2,0.989
206,221,f,2,0.32
207,221,f,2,0.32
208,4373,f,2,0.989
209,4373,f,2,0.989
210,4152,f,2,0.989
211,221,f,2,0.32
212,221,f,2,0.32
213,4373,f,2,0.989
214,4373,f,2,0.989
215,4152,f,2,0.989
216,221,f,2,0.32
217,221,f,2,0.32
218,4373,f,2,0.989
219,4373,f,2,0.989
441,221,f,2,0.32
442,221,f,2,0.32
446,221,f,2,0.32
447,221,f,2,0.32
450,4152,f,2,1
451,221,f,2,0.32
452,221,f,2,0.32
453,4373,f,2,1
454,4373,f,2,1
455,4152,f,2,1
456,221,f,2,0.32
457,221,f,2,0.32
458,4373,f,2,1
459,4373,f,2,1
750,4152,f,2,0.989
751,221,f,2,0.32
752,221,f,2,0.32
753,4373,f,2,0.989
754,4373,f,2,0.989
755,4152,f,2,0.989
756,221,f,2,0.32
757,221,f,2,0.32
758,4373,f,2,0.989
759,4373,f,2,0.989
760,4152,f,2,0.989
761,221,f,2,0.32
762,221,f,2,0.32
763,4373,f,2,0.989
764,4373,f,2,0.989
825,4152,f,2,1
826,221,f,2,0.32
827,221,f,2,0.32
828,4373,f,2,1
829,4373,f,2,1
830,4152,f,2,1
831,221,f,2,0.32
832,221,f,2,0.32
833,4373,f,2,1
834,4373,f,2,1
835,4152,f,2,1
836,221,f,2,0.32
837,221,f,2,0.32
838,4373,f,2,1
839,4373,f,2,1
6,4538,t,1,0.413
20,279,t,1,1
32,279,t,1,1
52,4817,t,1,1
53,4817,t,1,1
220,4538,t,1,0.413
221,279,t,1,1
222,279,t,1,0.997
223,4817,t,1,1
224,4817,t,1,1
225,4538,t,1,0.413
226,279,t,1,1
227,279,t,1,0.969
228,4817,t,1,1
229,4817,t,1,1
230,4538,t,1,0.413
231,279,t,1,1
232,279,t,1,1
233,4817,t,1,1
234,4817,t,1,1
235,4538,t,1,0.413
236,279,t,1,1
237,279,t,1,1
238,4817,t,1,1
239,4817,t,1,1
461,279,t,1,1
462,279,t,1,1
466,279,t,1,1
467,279,t,1,1
470,4538,t,1,0.413
471,279,t,1,1
472,279,t,1,1
473,4817,t,1,1
474,4817,t,1,1
475,4538,t,1,0.413
476,279,t,1,1
477,279,t,1,1
478,4817,t,1,1
479,4817,t,1,1
765,4538,t,1,0.413
766,279,t,1,1
767,279,t,1,1
768,4817,t,1,1
769,4817,t,1,1
770,4538,t,1,0.413
771,279,t,1,1
772,279,t,1,1
773,4817,t,1,1
774,4817,t,1,1
775,4538,t,1,0.413
776,279,t,1,1
777,279,t,1,1
778,4817,t,1,1
779,4817,t,1,1
840,4538,t,1,0.413
841,279,t,1,1
842,279,t,1,1
843,4817,t,1,1
844,4817,t,1,1
845,4538,t,1,0.413
846,279,t,1,1
847,279,t,1,1
848,4817,t,1,1
849,4817,t,1,1
850,4538,t,1,0.413
851,279,t,1,1
852,279,t,1,1
853,4817,t,1,1
854,4817,t,1,1
6,4538,f,1,1
20,279,f,1,0.5
32,279,f,1,0.5
52,4817,f,1,1
53,4817,f,1,1
220,4538,f,1,1
221,279,f,1,0.5
222,279,f,1,0.5
223,4817,f,1,1
224,4817,f,1,1
225,4538,f,1,1
226,279,f,1,0.5
227,279,f,1,0.5
228,4817,f,1,1
229,4817,f,1,1
230,4538,f,1,1
231,279,f,1,0.5
232,279,f,1,0.5
233,4817,f,1,1
234,4817,f,1,1
235,4538,f,1,1
236,279,f,1,0.5
237,279,f,1,0.5
238,4817,f,1,1
239,4817,f,1,1
461,279,f,1,0.5
462,279,f,1,0.5
466,279,f,1,0.5
467,279,f,1,0.5
470,4538,f,1,1
471,279,f,1,0.5
472,279,f,1,0.5
473,4817,f,1,1
474,4817,f,1,1
475,4538,f,1,1
476,279,f,1,0.5
477,279,f,1,0.5
478,4817,f,1,1
479,4817,f,1,1
765,4538,f,1,1
766,279,f,1,0.5
767,279,f,1,0.5
768,4817,f,1,1
769,4817,f,1,1
770,4538,f,1,1
771,279,f,1,0.5
772,279,f,1,0.5
773,4817,f,1,1
774,4817,f,1,1
775,4538,f,1,1
776,279,f,1,0.5
777,279,f,1,0.5
778,4817,f,1,1
779,4817,f,1,1
840,4538,f,1,1
841,279,f,1,0.5
842,279,f,1,0.5
843,4817,f,1,1
844,4817,f,1,1
845,4538,f,1,1
846,279,f,1,0.5
847,279,f,1,0.5
848,4817,f,1,1
849,4817,f,1,1
850,4538,f,1,1
851,279,f,1,0.5
852,279,f,1,0.5
853,4817,f,1,1
854,4817,f,1,1
6,4538,t,2,0.172
20,279,t,2,0.925
32,279,t,2,1
52,4817,t,2,0.938
53,4817,t,2,1
220,4538,t,2,0.172
221,279,t,2,0.925
222,279,t,2,0.942
223,4817,t,2,0.938
224,4817,t,2,0.946
225,4538,t,2,0.172
226,279,t,2,0.925
227,279,t,2,0.881
228,4817,t,2,0.938
229,4817,t,2,0.964
230,4538,t,2,0.172
231,279,t,2,0.925
232,279,t,2,0.962
233,4817,t,2,0.938
234,4817,t,2,0.964
235,4538,t,2,0.172
236,279,t,2,0.925
237,279,t,2,0.938
238,4817,t,2,0.938
239,4817,t,2,0.962
461,279,t,2,0.925
462,279,t,2,1
466,279,t,2,0.925
467,279,t,2,1
470,4538,t,2,0.172
471,279,t,2,0.925
472,279,t,2,1
473,4817,t,2,0.938
474,4817,t,2,1
475,4538,t,2,0.172
476,279,t,2,0.925
477,279,t,2,1
478,4817,t,2,0.938
479,4817,t,2,1
765,4538,t,2,0.172
766,279,t,2,0.925
767,279,t,2,0.977
768,4817,t,2,0.938
769,4817,t,2,0.987
770,4538,t,2,0.172
771,279,t,2,0.925
772,279,t,2,0.979
773,4817,t,2,0.938
774,4817,t,2,0.979
775,4538,t,2,0.172
776,279,t,2,0.925
777,279,t,2,0.983
778,4817,t,2,0.938
779,4817,t,2,0.954
840,4538,t,2,0.172
841,279,t,2,0.925
842,279,t,2,1
843,4817,t,2,0.938
844,4817,t,2,1
845,4538,t,2,0.172
846,279,t,2,0.925
847,279,t,2,1
848,4817,t,2,0.938
849,4817,t,2,1
850,4538,t,2,0.172
851,279,t,2,0.925
852,279,t,2,1
853,4817,t,2,0.938
854,4817,t,2,1
6,4538,f,2,1
20,279,f,2,0.321
32,279,f,2,0.321
52,4817,f,2,1
53,4817,f,2,1
220,4538,f,2,0.989
221,279,f,2,0.321
222,279,f,2,0.321
223,4817,f,2,0.989
224,4817,f,2,0.989
225,4538,f,2,0.989
226,279,f,2,0.321
227,279,f,2,0.321
228,4817,f,2,0.988
229,4817,f,2,0.988
230,4538,f,2,0.989
231,279,f,2,0.321
232,279,f,2,0.321
233,4817,f,2,0.988
234,4817,f,2,0.988
235,4538,f,2,0.989
236,279,f,2,0.321
237,279,f,2,0.321
238,4817,f,2,0.989
239,4817,f,2,0.989
461,279,f,2,0.321
462,279,f,2,0.321
466,279,f,2,0.321
467,279,f,2,0.321
470,4538,f,2,1
471,279,f,2,0.321
472,279,f,2,0.321
473,4817,f,2,1
474,4817,f,2,1
475,4538,f,2,1
476,279,f,2,0.321
477,279,f,2,0.321
478,4817,f,2,1
479,4817,f,2,1
765,4538,f,2,0.99
766,279,f,2,0.321
767,279,f,2,0.321
768,4817,f,2,0.99
769,4817,f,2,0.99
770,4538,f,2,0.99
771,279,f,2,0.321
772,279,f,2,0.321
773,4817,f,2,0.99
774,4817,f,2,0.99
775,4538,f,2,0.99
776,279,f,2,0.321
777,279,f,2,0.321
778,4817,f,2,0.99
779,4817,f,2,0.99
840,4538,f,2,1
841,279,f,2,0.321
842,279,f,2,0.321
843,4817,f,2,1
844,4817,f,2,1
845,4538,f,2,1
846,279,f,2,0.321
847,279,f,2,0.321
848,4817,f,2,1
849,4817,f,2,1
850,4538,f,2,1
851,279,f,2,0.321
852,279,f,2,0.321
853,4817,f,2,1
854,4817,f,2,1
7,1860,t,1,0.416
21,279,t,1,1
33,279,t,1,1
54,2139,t,1,1
55,2139,t,1,1
240,1860,t,1,0.416
241,279,t,1,1
242,279,t,1,0.992
243,2139,t,1,1
244,2139,t,1,1
245,1860,t,1,0.416
246,279,t,1,1
247,279,t,1,0.992
248,2139,t,1,1
249,2139,t,1,1
250,1860,t,1,0.416
251,279,t,1,1
252,279,t,1,1
253,2139,t,1,1
254,2139,t,1,1
255,1860,t,1,0.416
256,279,t,1,1
257,279,t,1,1
258,2139,t,1,1
259,2139,t,1,1
480,1860,t,1,0.416
481,279,t,1,1
482,279,t,1,1
483,2139,t,1,1
484,2139,t,1,1
485,1860,t,1,0.416
486,279,t,1,1
487,279,t,1,1
488,2139,t,1,1
489,2139,t,1,1
490,1860,t,1,0.416
491,279,t,1,1
492,279,t,1,1
493,2139,t,1,1
494,2139,t,1,1
495,1860,t,1,0.416
496,279,t,1,1
497,279,t,1,1
498,2139,t,1,1
499,2139,t,1,1
780,1860,t,1,0.416
781,279,t,1,1
782,279,t,1,1
783,2139,t,1,1
784,2139,t,1,1
785,1860,t,1,0.416
786,279,t,1,1
787,279,t,1,1
788,2139,t,1,1
789,2139,t,1,1
790,1860,t,1,0.416
791,279,t,1,1
792,279,t,1,1
793,2139,t,1,1
794,2139,t,1,1
855,1860,t,1,0.416
856,279,t,1,1
857,279,t,1,1
858,2139,t,1,1
859,2139,t,1,1
860,1860,t,1,0.416
861,279,t,1,1
862,279,t,1,1
863,2139,t,1,1
864,2139,t,1,1
865,1860,t,1,0.416
866,279,t,1,1
867,279,t,1,1
868,2139,t,1,1
869,2139,t,1,1
7,1860,f,1,1
21,279,f,1,0.498
33,279,f,1,0.498
54,2139,f,1,1
55,2139,f,1,1
240,1860,f,1,1
241,279,f,1,0.498
242,279,f,1,0.498
243,2139,f,1,1
244,2139,f,1,1
245,1860,f,1,1
246,279,f,1,0.498
247,279,f,1,0.498
248,2139,f,1,1
249,2139,f,1,1
250,1860,f,1,1
251,279,f,1,0.498
252,279,f,1,0.498
253,2139,f,1,1
254,2139,f,1,1
255,1860,f,1,1
256,279,f,1,0.498
257,279,f,1,0.498
258,2139,f,1,1
259,2139,f,1,1
480,1860,f,1,1
481,279,f,1,0.498
482,279,f,1,0.498
483,2139,f,1,1
484,2139,f,1,1
485,1860,f,1,1
486,279,f,1,0.498
487,279,f,1,0.498
488,2139,f,1,1
489,2139,f,1,1
490,1860,f,1,1
491,279,f,1,0.498
492,279,f,1,0.498
493,2139,f,1,1
494,2139,f,1,1
495,1860,f,1,1
496,279,f,1,0.498
497,279,f,1,0.498
498,2139,f,1,1
499,2139,f,1,1
780,1860,f,1,1
781,279,f,1,0.498
782,279,f,1,0.498
783,2139,f,1,1
784,2139,f,1,1
785,1860,f,1,1
786,279,f,1,0.498
787,279,f,1,0.498
788,2139,f,1,1
789,2139,f,1,1
790,1860,f,1,1
791,279,f,1,0.498
792,279,f,1,0.498
793,2139,f,1,1
794,2139,f,1,1
855,1860,f,1,1
856,279,f,1,0.498
857,279,f,1,0.498
858,2139,f,1,1
859,2139,f,1,1
860,1860,f,1,1
861,279,f,1,0.498
862,279,f,1,0.498
863,2139,f,1,1
864,2139,f,1,1
865,1860,f,1,1
866,279,f,1,0.498
867,279,f,1,0.498
868,2139,f,1,1
869,2139,f,1,1
7,1860,t,2,0.174
21,279,t,2,0.961
33,279,t,2,1
54,2139,t,2,0.968
55,2139,t,2,1
240,1860,t,2,0.174
241,279,t,2,0.961
242,279,t,2,0.919
243,2139,t,2,0.968
244,2139,t,2,0.974
245,1860,t,2,0.174
246,279,t,2,0.961
247,279,t,2,0.921
248,2139,t,2,0.968
249,2139,t,2,0.975
250,1860,t,2,0.174
251,279,t,2,0.961
252,279,t,2,0.942
253,2139,t,2,0.968
254,2139,t,2,0.975
255,1860,t,2,0.174
256,279,t,2,0.961
257,279,t,2,0.947
258,2139,t,2,0.968
259,2139,t,2,0.972
480,1860,t,2,0.174
481,279,t,2,0.961
482,279,t,2,1
483,2139,t,2,0.968
484,2139,t,2,1
485,1860,t,2,0.174
486,279,t,2,0.961
487,279,t,2,1
488,2139,t,2,0.968
489,2139,t,2,1
490,1860,t,2,0.174
491,279,t,2,0.961
492,279,t,2,1
493,2139,t,2,0.968
494,2139,t,2,1
495,1860,t,2,0.174
496,279,t,2,0.961
497,279,t,2,1
498,2139,t,2,0.968
499,2139,t,2,1
780,1860,t,2,0.174
781,279,t,2,0.961
782,279,t,2,0.984
783,2139,t,2,0.968
784,2139,t,2,0.982
785,1860,t,2,0.174
786,279,t,2,0.961
787,279,t,2,0.963
788,2139,t,2,0.968
789,2139,t,2,0.988
790,1860,t,2,0.174
791,279,t,2,0.961
792,279,t,2,0.966
793,2139,t,2,0.968
794,2139,t,2,0.974
855,1860,t,2,0.174
856,279,t,2,0.961
857,279,t,2,1
858,2139,t,2,0.968
859,2139,t,2,1
860,1860,t,2,0.174
861,279,t,2,0.961
862,279,t,2,1
863,2139,t,2,0.968
864,2139,t,2,1
865,1860,t,2,0.174
866,279,t,2,0.961
867,279,t,2,1
868,2139,t,2,0.968
869,2139,t,2,1
7,1860,f,2,1
21,279,f,2,0.31
33,279,f,2,0.31
54,2139,f,2,1
55,2139,f,2,1
240,1860,f,2,0.985
241,279,f,2,0.31
242,279,f,2,0.31
243,2139,f,2,0.985
244,2139,f,2,0.985
245,1860,f,2,0.984
246,279,f,2,0.31
247,279,f,2,0.31
248,2139,f,2,0.984
249,2139,f,2,0.984
250,1860,f,2,0.984
251,279,f,2,0.31
252,279,f,2,0.31
253,2139,f,2,0.984
254,2139,f,2,0.984
255,1860,f,2,0.985
256,279,f,2,0.31
257,279,f,2,0.31
258,2139,f,2,0.985
259,2139,f,2,0.985
480,1860,f,2,1
481,279,f,2,0.31
482,279,f,2,0.31
483,2139,f,2,1
484,2139,f,2,1
485,1860,f,2,1
486,279,f,2,0.31
487,279,f,2,0.31
488,2139,f,2,1
489,2139,f,2,1
490,1860,f,2,1
491,279,f,2,0.31
492,279,f,2,0.31
493,2139,f,2,1
494,2139,f,2,1
495,1860,f,2,1
496,279,f,2,0.31
497,279,f,2,0.31
498,2139,f,2,1
499,2139,f,2,1
780,1860,f,2,0.986
781,279,f,2,0.31
782,279,f,2,0.31
783,2139,f,2,0.986
784,2139,f,2,0.986
785,1860,f,2,0.988
786,279,f,2,0.31
787,279,f,2,0.31
788,2139,f,2,0.986
789,2139,f,2,0.987
790,1860,f,2,0.987
791,279,f,2,0.31
792,279,f,2,0.31
793,2139,f,2,0.986
794,2139,f,2,0.988
855,1860,f,2,1
856,279,f,2,0.31
857,279,f,2,0.31
858,2139,f,2,1
859,2139,f,2,1
860,1860,f,2,1
861,279,f,2,0.31
862,279,f,2,0.31
863,2139,f,2,1
864,2139,f,2,1
865,1860,f,2,1
866,279,f,2,0.31
867,279,f,2,0.31
868,2139,f,2,1
869,2139,f,2,1
8,1165,t,1,0.29
22,218,t,1,1
34,218,t,1,1
56,1383,t,1,1
57,1383,t,1,1
260,1165,t,1,0.29
261,218,t,1,1
262,218,t,1,0.99
263,1383,t,1,1
264,1383,t,1,1
265,1165,t,1,0.29
266,218,t,1,1
267,218,t,1,0.997
268,1383,t,1,1
269,1383,t,1,1
270,1165,t,1,0.29
271,218,t,1,1
272,218,t,1,1
273,1383,t,1,1
274,1383,t,1,1
275,1165,t,1,0.29
276,218,t,1,1
277,218,t,1,1
278,1383,t,1,1
279,1383,t,1,1
500,1165,t,1,0.29
501,218,t,1,1
502,218,t,1,1
503,1383,t,1,1
504,1383,t,1,1
505,1165,t,1,0.29
506,218,t,1,1
507,218,t,1,1
508,1383,t,1,1
509,1383,t,1,1
510,1165,t,1,0.29
511,218,t,1,1
512,218,t,1,1
513,1383,t,1,1
514,1383,t,1,1
515,1165,t,1,0.29
516,218,t,1,1
517,218,t,1,1
518,1383,t,1,1
519,1383,t,1,1
795,1165,t,1,0.29
796,218,t,1,1
797,218,t,1,1
798,1383,t,1,1
799,1383,t,1,1
800,1165,t,1,0.29
801,218,t,1,1
802,218,t,1,1
803,1383,t,1,1
804,1383,t,1,1
805,1165,t,1,0.29
806,218,t,1,1
807,218,t,1,1
808,1383,t,1,1
809,1383,t,1,1
870,1165,t,1,0.29
871,218,t,1,1
872,218,t,1,1
873,1383,t,1,1
874,1383,t,1,1
875,1165,t,1,0.29
876,218,t,1,1
877,218,t,1,1
878,1383,t,1,1
879,1383,t,1,1
880,1165,t,1,0.29
881,218,t,1,1
882,218,t,1,1
883,1383,t,1,1
884,1383,t,1,1
8,1165,f,1,1
22,218,f,1,0.498
34,218,f,1,0.498
56,1383,f,1,1
57,1383,f,1,1
260,1165,f,1,1
261,218,f,1,0.498
262,218,f,1,0.498
263,1383,f,1,1
264,1383,f,1,1
265,1165,f,1,1
266,218,f,1,0.498
267,218,f,1,0.498
268,1383,f,1,1
269,1383,f,1,1
270,1165,f,1,1
271,218,f,1,0.498
272,218,f,1,0.498
273,1383,f,1,1
274,1383,f,1,1
275,1165,f,1,1
276,218,f,1,0.498
277,218,f,1,0.498
278,1383,f,1,1
279,1383,f,1,1
500,1165,f,1,1
501,218,f,1,0.498
502,218,f,1,0.498
503,1383,f,1,1
504,1383,f,1,1
505,1165,f,1,1
506,218,f,1,0.498
507,218,f,1,0.498
508,1383,f,1,1
509,1383,f,1,1
510,1165,f,1,1
511,218,f,1,0.498
512,218,f,1,0.498
513,1383,f,1,1
514,1383,f,1,1
515,1165,f,1,1
516,218,f,1,0.498
517,218,f,1,0.498
518,1383,f,1,1
519,1383,f,1,1
795,1165,f,1,1
796,218,f,1,0.498
797,218,f,1,0.498
798,1383,f,1,1
799,1383,f,1,1
800,1165,f,1,1
801,218,f,1,0.498
802,218,f,1,0.498
803,1383,f,1,1
804,1383,f,1,1
805,1165,f,1,1
806,218,f,1,0.498
807,218,f,1,0.498
808,1383,f,1,1
809,1383,f,1,1
870,1165,f,1,1
871,218,f,1,0.498
872,218,f,1,0.498
873,1383,f,1,1
874,1383,f,1,1
875,1165,f,1,1
876,218,f,1,0.498
877,218,f,1,0.498
878,1383,f,1,1
879,1383,f,1,1
880,1165,f,1,1
881,218,f,1,0.498
882,218,f,1,0.498
883,1383,f,1,1
884,1383,f,1,1
8,1165,t,2,0.083
22,218,t,2,0.961
34,218,t,2,1
56,1383,t,2,0.965
57,1383,t,2,1
260,1165,t,2,0.083
261,218,t,2,0.961
262,218,t,2,0.903
263,1383,t,2,0.965
264,1383,t,2,0.933
265,1165,t,2,0.083
266,218,t,2,0.961
267,218,t,2,0.947
268,1383,t,2,0.965
269,1383,t,2,0.953
270,1165,t,2,0.083
271,218,t,2,0.961
272,218,t,2,0.949
273,1383,t,2,0.965
274,1383,t,2,0.953
275,1165,t,2,0.083
276,218,t,2,0.961
277,218,t,2,0.943
278,1383,t,2,0.965
279,1383,t,2,0.939
500,1165,t,2,0.083
501,218,t,2,0.961
502,218,t,2,1
503,1383,t,2,0.965
504,1383,t,2,1
505,1165,t,2,0.083
506,218,t,2,0.961
507,218,t,2,1
508,1383,t,2,0.965
509,1383,t,2,1
510,1165,t,2,0.083
511,218,t,2,0.961
512,218,t,2,1
513,1383,t,2,0.965
514,1383,t,2,1
515,1165,t,2,0.083
516,218,t,2,0.961
517,218,t,2,1
518,1383,t,2,0.965
519,1383,t,2,1
795,1165,t,2,0.083
796,218,t,2,0.961
797,218,t,2,0.971
798,1383,t,2,0.965
799,1383,t,2,0.992
800,1165,t,2,0.083
801,218,t,2,0.961
802,218,t,2,0.982
803,1383,t,2,0.965
804,1383,t,2,0.975
805,1165,t,2,0.083
806,218,t,2,0.961
807,218,t,2,0.976
808,1383,t,2,0.965
809,1383,t,2,0.974
870,1165,t,2,0.083
871,218,t,2,0.961
872,218,t,2,1
873,1383,t,2,0.965
874,1383,t,2,1
875,1165,t,2,0.083
876,218,t,2,0.961
877,218,t,2,1
878,1383,t,2,0.965
879,1383,t,2,1
880,1165,t,2,0.083
881,218,t,2,0.961
882,218,t,2,1
883,1383,t,2,0.965
884,1383,t,2,1
8,1165,f,2,1
22,218,f,2,0.307
34,218,f,2,0.307
56,1383,f,2,1
57,1383,f,2,1
260,1165,f,2,0.984
261,218,f,2,0.307
262,218,f,2,0.307
263,1383,f,2,0.985
264,1383,f,2,0.985
265,1165,f,2,0.985
266,218,f,2,0.307
267,218,f,2,0.307
268,1383,f,2,0.985
269,1383,f,2,0.985
270,1165,f,2,0.985
271,218,f,2,0.307
272,218,f,2,0.307
273,1383,f,2,0.985
274,1383,f,2,0.985
275,1165,f,2,0.985
276,218,f,2,0.307
277,218,f,2,0.307
278,1383,f,2,0.985
279,1383,f,2,0.985
500,1165,f,2,1
501,218,f,2,0.307
502,218,f,2,0.307
503,1383,f,2,1
504,1383,f,2,1
505,1165,f,2,1
506,218,f,2,0.307
507,218,f,2,0.307
508,1383,f,2,1
509,1383,f,2,1
510,1165,f,2,1
511,218,f,2,0.307
512,218,f,2,0.307
513,1383,f,2,1
514,1383,f,2,1
515,1165,f,2,1
516,218,f,2,0.307
517,218,f,2,0.307
518,1383,f,2,1
519,1383,f,2,1
795,1165,f,2,0.986
796,218,f,2,0.307
797,218,f,2,0.307
798,1383,f,2,0.986
799,1383,f,2,0.984
800,1165,f,2,0.986
801,218,f,2,0.307
802,218,f,2,0.307
803,1383,f,2,0.986
804,1383,f,2,0.986
805,1165,f,2,0.985
806,218,f,2,0.307
807,218,f,2,0.307
808,1383,f,2,0.987
809,1383,f,2,0.986
870,1165,f,2,1
871,218,f,2,0.307
872,218,f,2,0.307
873,1383,f,2,1
874,1383,f,2,1
875,1165,f,2,1
876,218,f,2,0.307
877,218,f,2,0.307
878,1383,f,2,1
879,1383,f,2,1
880,1165,f,2,1
881,218,f,2,0.307
882,218,f,2,0.307
883,1383,f,2,1
884,1383,f,2,1
9,958,t,1,0.22
23,147,t,1,1
35,147,t,1,1
58,1105,t,1,1
59,1105,t,1,1
280,958,t,1,0.22
281,147,t,1,1
282,147,t,1,1
283,1105,t,1,1
284,1105,t,1,1
285,958,t,1,0.22
286,147,t,1,1
287,147,t,1,1
288,1105,t,1,1
289,1105,t,1,1
290,958,t,1,0.22
291,147,t,1,1
292,147,t,1,1
293,1105,t,1,1
294,1105,t,1,1
295,958,t,1,0.22
296,147,t,1,1
297,147,t,1,1
298,1105,t,1,1
299,1105,t,1,1
521,147,t,1,1
522,147,t,1,1
526,147,t,1,1
527,147,t,1,1
530,958,t,1,0.22
531,147,t,1,1
532,147,t,1,1
533,1105,t,1,1
534,1105,t,1,1
535,958,t,1,0.22
536,147,t,1,1
537,147,t,1,1
538,1105,t,1,1
539,1105,t,1,1
810,958,t,1,0.22
811,147,t,1,1
812,147,t,1,1
813,1105,t,1,1
814,1105,t,1,1
815,958,t,1,0.22
816,147,t,1,1
817,147,t,1,1
818,1105,t,1,1
819,1105,t,1,1
820,958,t,1,0.22
821,147,t,1,1
822,147,t,1,1
823,1105,t,1,1
824,1105,t,1,1
885,958,t,1,0.22
886,147,t,1,1
887,147,t,1,1
888,1105,t,1,1
889,1105,t,1,1
890,958,t,1,0.22
891,147,t,1,1
892,147,t,1,1
893,1105,t,1,1
894,1105,t,1,1
895,958,t,1,0.22
896,147,t,1,1
897,147,t,1,1
898,1105,t,1,1
899,1105,t,1,1
9,958,f,1,1
23,147,f,1,0.491
35,147,f,1,0.491
58,1105,f,1,1
59,1105,f,1,1
280,958,f,1,1
281,147,f,1,0.491
282,147,f,1,0.491
283,1105,f,1,1
284,1105,f,1,1
285,958,f,1,1
286,147,f,1,0.491
287,147,f,1,0.491
288,1105,f,1,1
289,1105,f,1,1
290,958,f,1,1
291,147,f,1,0.491
292,147,f,1,0.491
293,1105,f,1,1
294,1105,f,1,1
295,958,f,1,1
296,147,f,1,0.491
297,147,f,1,0.491
298,1105,f,1,1
299,1105,f,1,1
521,147,f,1,0.491
522,147,f,1,0.491
526,147,f,1,0.491
527,147,f,1,0.491
530,958,f,1,1
531,147,f,1,0.491
532,147,f,1,0.491
533,1105,f,1,1
534,1105,f,1,1
535,958,f,1,1
536,147,f,1,0.491
537,147,f,1,0.491
538,1105,f,1,1
539,1105,f,1,1
810,958,f,1,1
811,147,f,1,0.491
812,147,f,1,0.491
813,1105,f,1,1
814,1105,f,1,1
815,958,f,1,1
816,147,f,1,0.491
817,147,f,1,0.491
818,1105,f,1,1
819,1105,f,1,1
820,958,f,1,1
821,147,f,1,0.491
822,147,f,1,0.491
823,1105,f,1,1
824,1105,f,1,1
885,958,f,1,1
886,147,f,1,0.491
887,147,f,1,0.491
888,1105,f,1,1
889,1105,f,1,1
890,958,f,1,1
891,147,f,1,0.491
892,147,f,1,0.491
893,1105,f,1,1
894,1105,f,1,1
895,958,f,1,1
896,147,f,1,0.491
897,147,f,1,0.491
898,1105,f,1,1
899,1105,f,1,1
9,958,t,2,0.049
23,147,t,2,0.961
35,147,t,2,1
58,1105,t,2,0.961
59,1105,t,2,1
280,958,t,2,0.049
281,147,t,2,0.961
282,147,t,2,0.977
283,1105,t,2,0.749
284,1105,t,2,0.749
285,958,t,2,0.049
286,147,t,2,0.961
287,147,t,2,0.961
288,1105,t,2,0.749
289,1105,t,2,0.749
290,958,t,2,0.049
291,147,t,2,0.961
292,147,t,2,0.974
293,1105,t,2,0.749
294,1105,t,2,0.749
295,958,t,2,0.049
296,147,t,2,0.961
297,147,t,2,0.961
298,1105,t,2,0.749
299,1105,t,2,0.749
521,147,t,2,0.961
522,147,t,2,1
526,147,t,2,0.961
527,147,t,2,1
530,958,t,2,0.049
531,147,t,2,0.961
532,147,t,2,1
533,1105,t,2,0.961
534,1105,t,2,1
535,958,t,2,0.049
536,147,t,2,0.961
537,147,t,2,1
538,1105,t,2,0.961
539,1105,t,2,1
810,958,t,2,0.049
811,147,t,2,0.961
812,147,t,2,0.987
813,1105,t,2,0.749
814,1105,t,2,0.989
815,958,t,2,0.049
816,147,t,2,0.961
817,147,t,2,0.983
818,1105,t,2,0.749
819,1105,t,2,0.987
820,958,t,2,0.049
821,147,t,2,0.961
822,147,t,2,0.971
823,1105,t,2,0.749
824,1105,t,2,0.978
885,958,t,2,0.049
886,147,t,2,0.961
887,147,t,2,1
888,1105,t,2,0.961
889,1105,t,2,1
890,958,t,2,0.049
891,147,t,2,0.961
892,147,t,2,1
893,1105,t,2,0.961
894,1105,t,2,1
895,958,t,2,0.049
896,147,t,2,0.961
897,147,t,2,1
898,1105,t,2,0.961
899,1105,t,2,1
9,958,f,2,1
23,147,f,2,0.286
35,147,f,2,0.286
58,1105,f,2,1
59,1105,f,2,1
280,958,f,2,0.976
281,147,f,2,0.286
282,147,f,2,0.286
283,1105,f,2,0.974
284,1105,f,2,0.974
285,958,f,2,0.975
286,147,f,2,0.286
287,147,f,2,0.286
288,1105,f,2,0.974
289,1105,f,2,0.974
290,958,f,2,0.975
291,147,f,2,0.286
292,147,f,2,0.286
293,1105,f,2,0.974
294,1105,f,2,0.974
295,958,f,2,0.976
296,147,f,2,0.286
297,147,f,2,0.286
298,1105,f,2,0.974
299,1105,f,2,0.974
521,147,f,2,0.286
522,147,f,2,0.286
526,147,f,2,0.286
527,147,f,2,0.286
530,958,f,2,1
531,147,f,2,0.286
532,147,f,2,0.286
533,1105,f,2,1
534,1105,f,2,1
535,958,f,2,1
536,147,f,2,0.286
537,147,f,2,0.286
538,1105,f,2,1
539,1105,f,2,1
810,958,f,2,0.979
811,147,f,2,0.286
812,147,f,2,0.286
813,1105,f,2,0.977
814,1105,f,2,0.979
815,958,f,2,0.978
816,147,f,2,0.286
817,147,f,2,0.286
818,1105,f,2,0.979
819,1105,f,2,0.977
820,958,f,2,0.977
821,147,f,2,0.286
822,147,f,2,0.286
823,1105,f,2,0.977
824,1105,f,2,0.978
885,958,f,2,1
886,147,f,2,0.286
887,147,f,2,0.286
888,1105,f,2,1
889,1105,f,2,1
890,958,f,2,1
891,147,f,2,0.286
892,147,f,2,0.286
893,1105,f,2,1
894,1105,f,2,1
895,958,f,2,1
896,147,f,2,0.286
897,147,f,2,0.286
898,1105,f,2,1
899,1105,f,2,1
